{"Year": 2022.0, "Month": 12.0, "Day": 31.0, "Hour": 23.0, "Minute": 0.0, "Temperature": 25.200000000000003, "Wind Speed": 16.1, "Wind Direction": 360.0, "Pressure": 1029.0, "Relative Humidity": 100.0, "Estimated Wind Speed": 15.386803590621092}