{"Year": 1998.0, "Month": 1.0, "Day": 1.0, "Hour": 0.0, "Minute": 30.0, "Temperature": -39.400000000000006, "Relative Humidity": 33.83, "Wind Direction": 0.0, "Wind Speed": 0.0, "Pressure": 905.0, "Estimated Wind Speed": -0.10473275048862751}